effect	mean_abs_diff_vs_control	mean_frame_motion
blend	0.00	0.01
blendgradient	99.37	0.00
blur	10.75	0.00
blurprecise	2.82	0.00
blurradial	14.64	0.00
chromaticaberration	5.33	0.00
cloudmotion	35.98	0.92
clouds	39.66	0.91
colorkey	50.98	0.00
cursorripple	0.00	0.01
depthparallax	33.32	0.00
edgedetection	99.16	0.01
filmgrain	3.31	0.69
fire	0.00	0.01
fisheye	35.92	0.01
fluidsimulation	3.22	0.70
foliagesway	7.07	2.46
glitter	2.76	1.47
godrays	24.91	0.15
iris	1.84	1.17
lightshafts	1.75	0.06
localcontrast	0.39	0.01
motionblur	0.00	0.01
nitro	2.90	5.01
none	0.00	0.01
opacity	0.00	0.01
perspective	0.00	0.01
pulse	19.10	4.18
reflection	57.05	0.00
refraction	17.66	0.01
scroll	58.32	18.76
shake	0.00	0.01
shimmer	0.00	1.48
shine	38.00	0.19
skew	0.00	0.01
spin	2.20	0.64
swing	1.45	0.89
tint	79.91	0.00
transform	0.00	0.01
twirl	48.73	24.76
user_cloud1	74.88	1.35
user_irism	88.83	4.86
user_pulse	104.24	28.36
user_scrol	77.23	0.00
vhs	2.52	0.78
watercaustics	2.64	0.66
waterflow	0.00	0.01
waterripple	10.50	3.50
waterwaves	8.02	7.44
xray	0.00	0.01
