name	coverage_pct_vs_background	mean_frame_motion
ptce_alphachange	nan	1.67
ptce_alphafade	nan	1.43
ptce_alpharandom	nan	0.98
ptce_angularmovement	nan	3.88
ptce_angularvelocityrandom	nan	1.26
ptce_boids	nan	2.13
ptce_boxrandom	nan	3.58
ptce_capvelocity	nan	7.64
ptce_collisionbounds	nan	7.50
ptce_collisionmodel	nan	2.26
ptce_collisionplane	nan	14.54
ptce_collisionquad	nan	6.41
ptce_collisionsphere	nan	8.31
ptce_colorchange	nan	1.45
ptce_colorlist	nan	2.00
ptce_colorrandom	nan	1.57
ptce_controlpointattract	nan	3.29
ptce_hsvcolorrandom	nan	3.04
ptce_inheritcontrolpointvelocity	nan	6.15
ptce_inheritinitialvaluefromevent	nan	1.05
ptce_inheritvaluefromevent	nan	4.01
ptce_layerimage	nan	3.52
ptce_lifetimerandom	nan	0.00
ptce_maintaindistancebetweencontrolpoints	nan	12.94
ptce_maintaindistancetocontrolpoint	nan	2.08
ptce_mapsequencearoundcontrolpoint	nan	0.61
ptce_mapsequencebetweencontrolpoints	nan	0.62
ptce_movement	nan	3.58
ptce_oscillatealpha	nan	1.73
ptce_oscillateposition	nan	4.24
ptce_oscillatesize	nan	3.38
ptce_positionoffsetrandom	nan	0.57
ptce_reducemovementnearcontrolpoint	nan	2.29
ptce_remapinitialvalue	nan	17.48
ptce_remapvalue	nan	18.42
ptce_rope	nan	8.29
ptce_ropetrail	nan	3.57
ptce_rotationrandom	nan	0.28
ptce_sizechange	nan	5.73
ptce_sizerandom	nan	1.37
ptce_sphererandom	nan	6.20
ptce_sprite	nan	5.61
ptce_spritetrail	nan	4.59
ptce_turbulence	nan	2.83
ptce_turbulentvelocityrandom	nan	1.69
ptce_velocityrandom	nan	7.42
ptce_vortex	nan	1.89
ptce_vortex_v2	nan	17.10
